original_sentence,positive_reframing
"Hi Meg, Just sent a support ticket to Lulu about an error on a recent order. Wondering how long a response will take?","Hi Meg, I just sent a support ticket to Lulu about an error on a recent order. I hope to get a response soon."
Wanting to crawl up under my zebra blanket and not come out for a few days..,"It's been a tough time, but thankfully the end of the week is coming."
"Spent hours at the lawyer's today.my neck/shoulders are so sore from, I think, stress and being tense. Must've signed my name a zillion times (Ok I'm exaggerating but 'twas a LOT) lawyer grief","I'm so happy I'm done with all the paperwork, not I get to relax and enjoy my week!"
"Looking for ideas - if you were , anxious or depressed - What would encourage you to get help?",It would be nice to get ideas to get rid of depression and anxiety.
can we just go one day without arguing or looking for something to bitch about? ?,Its not good for us to argue with one another.
I was on vacation like three weeks ago and I'm already in need of another one.,I never grow tired of going on vacation! I'm already excited for my next one!
"No matter how hard I work at it, there is always something in the way. I just want life to give me a break.","I know I will get the break I deserve soon, I'm working really hard."
Forever cutting down words from essays because I ramble like a dick all the time,I have a lot to say and sometimes need to shorten my essays because I am so full of ideas!
I just want to go to the beach and forget about life for a little bit.,want to go to the beach to have my own time to organize my thoughts and relax
Fack. Time to go home to my shitty life of prepping tomorrow's meal. Challenge is to do it w/o making a mess,"At least I get to make a meal, there are people out there who don't get to have food at all."
Thank God Im done with all that's due tom. Hope I get to study for the two long exams on tuesday.,"I'm so thankfull and relieved that I finished all my task, now I can focus on study for my test."
"We often allow contaminants such as bitterness, anger, and unforgiveness to take root in our hearts. ""If you are wondering why you are constantly negative, depressed or angry, ask yourself if you have allowed any contaminants to pollute your stream."" help","We should not allow contaminants such as bitterness, anger, and unforgiveness to take root in our heart to avoid negative and distressed feelings."
We're having an inspection from DOT this week at work and I have to work late every shift this week. I also have midterms at school and trying to cut for this casting call like lord be with me !!,"God will be with me to do my work, because I have a lot of work."
I'm not even tired but I'm going to bed before I rip my hair out,A good night's sleep and rest should get me in a better frame of mind tomorrow.
Holy crap going from straight up droid to an iPhone will give you a headache!!,This is a new opportunity to learn how to use android!
Just had someone pull out of the move making my job so much harder tomorrow. Don't bloody agree if you're just going to back out!,"People pulling out of a job is annoying, but it means I have more free time at work."
but seriously I just want to cuddle a small fluffy animal so all of my worries would vanish for even just a short while.,Cuddling pets is a sure way to relax oneself.
I WILL be able to get a different phone because the one I got today sucks! confusing,I am going to get a new phone which is good.
I have so much to do I get anxiety from fear of being anxious. And then I get anxious. It's a terrible cycle,I must try to overcome my anxiety and concentrate in my regular job.
Omg can't believe I just lost my trust in an associate who I lived with to be my family!!,I feel sorry for having lost trust in an associate whom I believed to be part of my family. I just hope he realizes his mistake.
"Art exam mon&tues, spanish oral thurs, haven't even started the practising for the speaking exam. :(:(",I need an effort to do well on exams
"My heartbeat has been on 10 lately! Clearly, school is not good for my health.",I should take a break to improve my health.
"Not even funny how bad business is going to go tomorrow , why didnt i start studying earlier ?",Time to learn to plan better and start my assignments sooner!
Why not ask mom how is she doing when baby it's sick The Mom Still Matter .out,It is better to ask a mom how she is doing when her baby is sick.
"Got all this coloring due tomorrow "" this is our daycare! Lmbo","I have colouring due tomorrow, that's really not the worst thing in the world."
In a stupidly bad mood. Only halfway through the work day and I've come close to quitting and plotting murder.,Only halfway through the work day and I've come close to quitting which is bad.
when you missed almost 2 weeks of school and exams start in a week and youre still behind,"I need to prepare for the exam that starts in a week, as I have been without classes for almost 2 weeks and this can harm me."
out essential WORKERS gonna say to hell with SocialDistancing and start swinging on some mutha fuckas before this is all over. I see it a mile away dude What a mess we in y'all. Ridiculous Five guys walked off the plant after that fuckery this morning.,Essential workers are finding it hard at the moment but everyone is so thankful for all the good they are doing in the country.
Mad at myself for waiting till the last minute its gonna be a busy day,Mad at myself for waiting till the last minute hope it don't happen next time.
Desperately trying to keep calm and relaxed. Nothing helps. Still feel the need to punch them in the face. justfuckoff nothanks,I hope I can calm myself down so that I can channel all the rage into my work and studies.
Never been so tired in my life and it's only the first week! Gunna be the toughest year ever,This week has been very tiring but I'm sure this year will be amazing for me!
another late night and early morning College work has taken over my lifecollege coursework fashion tired exhausted,"College is a lot of work, but I am thankful that I have the opportunity to go."
That stupid social studies PowerPoint took me an hour and a half and I've been doing other homework the whole rest of the night,"The social studies PowerPoint took me an hour and a half, and I've been doing other homework the whole rest of the night, but I am happy that I finished it at last."
Worst day of my life right now. Car died. What else can happen to me right now?!,"I am now in need of a new car, im sure tomorow will be better"
Got a $2000 bill for GST from CRA when I closed my business account (and business) 5 years ago. I know it's an error but fuck,Just received a $2000 bill from when I closed my business account. I'm sure it's a mistake so I won't even stress it.
Wishes things could sort their selves out toomuch notime tired decisions Ahhhh! All with lots of hash tags!,Next week will be my time to sort out all my unfinished tasks.
"After breaking down 4 times today, I should just accept an F on all assignments, tests, and quizzes for the week.",I have had a blip today in my studies although I am going to try my best to keep up my hard work.
i honestly dont know if God is punishing me or testing me right now .,When life gets hard I think God is trying to teach us something.
"I wonder who invented education Just wished that you come back to life, so i can end you again.",modern education could be better and it will be one day.
I've never been so exhausted from studying.. broke my rule for cramming before finals. Gotta do what I gotta do. borderlinegrades,"I'm tired from studying, and I broke my rule for cramming before finals. But I have to be strong, keep going, and in the end everything will be fine."
There's so much pressure behind throwing a housewarming party but what it really comes down to is what types of dip will there be.,As long as I get the right dip the housewarming party will be a success.
stressed with a smile on my face. True Virgo always gotta stayStrong for the Team,Im happy that I can be a source of strength for others in stressful times
I just want it to be Friday and skip over this awful mess of my life.why does doing the right thing feel so wrong?,"Sometimes it's hard to feel good about something even if you are doing the right thing, that's hard, but it's a part of life"
I don't get how people can just understand chemistry. It seriously seems like a different language.,"For me chemistry is really challenging, just like learning a foreign language, but the greatest challenges bring the biggest rewards"
I hate making big decisions that I know will impact the rest of my life.,"I don't like making big decisions that I know will impact the rest of my life, but I understand It's part of the process of growing up and moving forward."
So does anyone else know that frantic moment in life when you can't even find ONE bobby pin???,I can't find my bobby pins. Going shopping for more!
"When you start eating your cuticles like chicken bones, it's time for the week to be over.","This week has been so stressful, but I'm thankful is about to be over"
That scary moment when you realize you have no clue what you're going to do with your life and you graduate in just a few months.,I don't know what I'm going to do with my life but I'm graduating in a few months which is nice!
"Feel like absolute shit,back pains and chest pains,so much on my mind errgggg!:'( back shoulder pain football",I hope my body recovers from my football injuries so that I can get a good night's sleep tonight.
hear back from the vet hospital Wednesday. Also being pressured to accept a small promotion at my current job by about Friday..,I'm so thankful to be offered a promotion at my job.
iam so disgusted this morning why do you chap my Airtime without my notice its been happenin for a month,Try to tell me when you chap my airtime.
Where are my guests?! We have to EAT and then get down to the duck race in the village for 2pm! !,I hope my guests come on time to eat and go to the duck race in the village at 2 p.m.
"Usually if I have a bad morning, my day turns around but no, not today. shittyday",I hope the rest of my day gets better than the first half.
Seriously crying myself to sleep right now. So ready for Monday to be over. I HATE being a college student.,I'm so excited for tomorrow. It will be a new day with new opportunities
Completely drained after taking all these meds and being sick for 6 days needtostudy 2midterms,"Being sick during midterms is a lot to deal with, but I know tests will be over soon."
"lyn's complaining the custard ive made is too thin, i wouldnt mind but she kept going at me IT'S CUSTARD IT THICKENS!!!!!!!!!",I cannot wait for Lyn to be done with her ranting about my custard.
"Not only do I have a 6 pg paper due and and exam on Tuesday, but the fate of our country is also going to be decided",Everyone is worried about the fate of the country but I will smash my exams and that will be one less stress.
Those sleepless guilty nights.When you don't study all day and your exams are drawing near :'(,I hope I do well in my exams even though I am quite late in starting my preparations.
All I want is for ONE normal/easy going day. But I doubt I will be getting that anytime soon.,All I want is for one easy going day. I really feel like that will happen soon!
"I wish I didn't clench my teeth in my sleep, the pain when I wake up is horrible",I wish I didn't clench my teeth in my sleep the pain was horrible.
"All I want to do after a long day at work is come home, turn on my Xbox and play/stream. Why does it seem like every time I do this there is yet another update? Feeling super frustrated, just ranting is all. overit","I had a long day at work, and my Xbox is updating, but I just have to be patient, and soon it will be done, and I can start having fun!"
Why is ebay so complicated to sell stuff! Rather flog my stuff out the boot of my car,"Selling stuff on eBay is not so easy. However, there isn't an alternative."
I wondered why today sucked until I realized it was Friday the 13th.. goodluck sickdog sad,I'm sure that a day can't change my luck and that everything is in my head. Everything will improve eventually.
Seriously about to cry. I have writer's block for that bible research paper.. It's due tomorrow. Ughhh.,"I understand I’m overwhelmed by so much research, but by calming down I know I can finish my research by tomorrow."
"So uni have just moved the deadline on my work from the 22nd may to the 12th may, that's ten days less fml","My deadline has been moved from the 22nd may to the 12th may, but still I can finish it."
"I'm so tired of classes, practices, rehearsals, and meetings. D': Can I just have a break, a Vanilla Bean Frap and a back massage?","I've had my schedule filled with a lot of appointments lately, soon this cluttered period is going to end, and I will be able to relax"
NASH fashion show is in like 2 months and I'm not even half way done with my dress yet,"NASH fashion show is in like 2 months, and I'm not even half way done with my dress yet, I know that with hard work I will finish it in time though!"
"Stressed? Take a few seconds, and try this breaking technique to relieve the pressure. Destress",Do not get stressed. Try this interruption technique and watch your stress disappear like magic along with your pressure.
I have to get my moms birthday present and my masquerade costume this week and I literally have no time.,"I better get moving fast this week shopping for gifts and my dress-up costume, to surprise mom on her birthday."
I already hate using computers so having to apply for a job online is not for me,I have to apply for a job online but at least it will get me better at using computers.
Ugh. I have midterms this week and I'm dealing with boy problems. I need to just get away!,I will take a weekend off to deal with my thoughts.
Half wishing someone would just tell me what to do with the rest of my life so I didn't have to decide for myself,I would be happy if someone helps me to make a decision in my life.
SoMy oven is broken one week before I host Thanksgiving. They ordered new one-delivery Tues or Wed. No guarantee. iwannascream,"My oven is broken, and I am going to host Thanksgiving next week, feeling a little anxious right now but I'm sure the new one will be delivered in time!"
So the big O are coming to visit us today - it's 3.41am and so far I've had precisely no sleep :/ gonna b a v tough couple of days.,"I haven't had any sleep, but I'm going to power through and make this best of this and make a good impression."
I feel like everything is just not working out today. I need to get away.,If things don't work out at the moment it means they will work out in the future. I just need to be patient.
Mane all i need ta do is drank && smoke sum && ill b str8!! Farreal mane.,Going to treat myself and have a relaxing time having a smoke and a drink. I feel blessed.
I hav 2 study but everything in my room is so distracting I cn nt afford 2 fail not again joh,"Even though it's hard to study in my room because of the distractions, luckily there's a library next to me that is open twenty-four hours."
I need to seriously clear my head for lk a month and talk to no one.,"I need to take a break and talk to noone for a month and clear my head, that will really help me get back on track."
"Screw it. I'm going to be honest, I'm confused with what is going on. wtf",I'm going to be honest that is good for me.
It's the most annoying thing when someone cancels on you last minute! Now I have no videographer for my interview tomorrow!,"Have an exciting interview tomorow, I’m sure I can get another videographer."
"Not sure if it's the Naproxen I'm on for my tooth or this game, but my tummy hurts.","Not sure if it's the Naproxen I'm on for my tooth or this game, but my tummy hurts. I'll focus on things that make me happy until the pain goes away."
I hate waiting for a delivery!! Why haven't you arrived I need you for Saturday!!!,I hope my delivery gets here soon so that I can stop worrying about it.
Everyday i get thru I praise God and every week I get thru I praise Him even morethis school stuff is no joke.,"God is kind, I'm thankful for his blessing, and I pray to him every day!"
If anyone talks to me I'll either burst into tears or rip off their heads,"If someone talks to me, I'll count to 10 and stay calm"
I'm the idiot who forgets her key to her apartment back at home clutz forget,I should not forget my keys.
When all you want to do is sit down for 5mins after work.. But mum asks you to do something LEAVE ME FOR 5MINUITES!!,"I know I need space after work, so I'll talk to my mother about my boundaries."
"Scared my driver won't find my residence and ill be stranded here, which wouldn't be the worst thing in the world but a bit pricy","It's a bit pricey, but if my driver can't find my residence, I can still stay here."
Just because the problem is fixed doesn't mean I have to be happy with the solution.,"Even if I don't like the solution, at least the problem has been fixed."
I bet I'm the only one that's gonna be dressed up tomorrow and I'm not winning or getting anything.,I would be happy to dress up tomorrow even though I don’t win or get anything.
Gaaah - work is the last place I wanna be this morning! tired not a good combination,I hope I have a quiet day in the office today so that I can finish my day quickly.
So the disaster for the day is my water spilt all over my laptop in my bag! :(,"Water spilled all over my laptop in my bag, unfortunately."
I'm so on edge 99% of the time that one comment can send me overboard.,I think I have to control my emotions to comments.
"Bruh, I hated the election for years ago and this just feels like a double whammy. My stomach has not been agreeing with me all day LOL",Once this election is over things should calm back down.
I neva knew shopping got you this tired and i aint even done half of it,"I am so tired from shopping, but it was a lot of fun."
"Revision actually sucks, especially when the exams tomorrow and you don't know anything, cannot wait for these exams to be over!",Revision is not interesting especially when you don’t know anything. Hoping for the exams to get over soon.
I've had nothing but one car trouble after the other this summer and Im sick of it!,"I ‘ve been having car troubles continuously, and I hope to end this soon."
10 stitches in my finger my handwriting is type FUCKED UP rn struggling writinghand cantholdafuckingpen,"I know that my hand will eventually heal, and I will feel much better."
Had a really bad day today to crap to believe and I hate it when you get the blame when u did not do it arrrr,Things that are part of a bad day: Taking the blame for something you didn't do. But whatever: l
I will be without sleep tonight stressed midtermsmonday good luck to everyone that sees me tomorrow at school,I will be tired tommorow but a cofee will help me get through the day.
Making money is harder than I though especially since I have to make $7000 by next June,"Making money is harder than I though, and I have to make $7000 by next June. But I'm a capable person, and I'm going to make it."
"Which path are You taking? Confused ..just admit it,I regret Alot I've done in the past, But I'm going to become a better person",Im really motivated right now to make myself a better person and fix my relationships.
"Getting an early nights sleep the night before an exam is easier said than done, couldn't sleep","Getting an early nights sleep the night before an exam can be challenging,  but it's only one night."
thinking about my future makes me want to go live on a island alone forever. annoyed,"My future seems to be unpredictable, so I can better go to an island and relax myself."
Less than a month until college.. maybe it will help get my mind off things college,"College is a great opportunity to learn, I look forward to what's coming in the future!"
It sucks knowing my dad cant be there to watch me in anything I do. I wish he could be at my race tomorrow.. havingahardtime,"While my dad can't be there to watch me anymore, I believe I'll feel his spirit by me for the race tomorrow."
"After throwing up at work and now this headache coming back, I just wanna go to sleep and not wake up for a few days",Im not feeling my best but after a long rest I’m bound to recover.
It really annoys me how Prencis gives homework on the same day he gave a test annoyed,"Prencis gives homework on the same day he gave a test. It's tiring, but it's good for me to keep my mind busy."
"I try to hold my tears in, but I let them slip out <;|3 :( disappointed tears I'm stronger than this. and I know it.","Even though I've been crying a lot, that's alright, and it's nothing to be ashamed about."
"I work 28 hours this weekend, have to write two papers, and study for an exam.",I am going to get through this stronger.
I have the feeling I'll be drinking a lot of soda in the next few days.,"Even though I'll be drinking a lot of soda, I'll also be drinking lots of water with it."
Wishing that wind would like blow the school away for a day til i get some proper sleep tired,I can't wait to get some sleep once I'm finished with my school work.
In need of someone to vent to. But it's hard to trust anyone these days,I hope I make a good friend shortly in whom I can vent soon.
"Ja hai i can't stop thinking about him shame, he is the only thing on my mind sad",I should think about myself more and stop worrying about others.
"Want to quit sixthform, quit work and baisically just quit life right now tired","I'm so tired I feel like getting rid of sixth form, work and even life; but I hope I get back to normalcy"
10 Truths that will Change Your Life - for the better! empower empowering stressed worry overwhelmed,You can change your life by changing your habits.
"Freaking out about the history exam tomorrow, I don't know half of what I should","I am nervous about the history exam tomorrow, so I am going to stay up late tonight to study."
"The closer we get to finals, the better dropping out and becoming a stripper sounds.","As finals are coming up, they stress me out but they will be over soon."
Who else wants to add on to my list of things to do by tomorrow!,Busy day tomorrow but it'll be worth it once I've achieved my goals
I think it's kinda sad how gray Obama has gone since he came into office,Obama grew gray and wise while in office.
I absolutely hate making decisions and I find myself having alot of those to make,I have a lot of decisions to make and I hope to get to like making those decisions.
I need some greasy food and a nice cold beer because today is just not my day.,"I need to treat myself to some greasy food and a nice cold beer and relax, tomorrow is going to be a great day for me."
Today has reaffirmed that I dislike being an adult and a hate Monday's. grumpy tired,"I'm thankful for this past weekend, it was fun and gave me the energy to go through this week with a smile on my face."
need to figure out how to survive the next few months. Somebody please cinsider donating,Need to figure out how to handle the next few months. I will really appreciate and be thankful for some donations.
Why does everything seem to go bad at the same time? I don't need this right now :(,"Things will get better, they always do."
"This term is seriously chewing me up and spitting me out, what next!? finish pleeeeease","This term is seriously hard for me, but soon I'll finish it, and be free."
"i think i got anger problems! smh I'm mad and i'm just hitting, throwing, or pushing anything that's in my way! SMH Mad","Im so mad, I should get some therapy I think I will calm down soon. It will be okay."
"Ohhh what i would give to turn back the hands of time, back to before things in my family were so crazy",Things with my family could always be worse.
"Out of 4 hours of playing all I got was a bad back ache,soar knee/shoulder, and slight sun burn. Like WTF! lategame","Out of 4 hours of playing all I got was a backache, sore knee, and slight sun burn, but I am glad that I have burnt a lot of calories."
Why is it so difficult to find sources for animal science in the librarythis is an agricultural school,Im sure that I can find sources for animal science if I keep looking in the libary.
"Sometimes, face your problems head on. Other times, avoid them like the plague until they sort their lives out stressed x",Deciding when to face my problems or relax x
I WISH YOU WOULD JUST CHILL OUT! I am working as hard as I can,I am doing the best I can rifht now.
I need some plans for today because I really need to get out of the house today,I think I would feel better if I go out of my house today.
Honestly don't know how I'm going to finish all of this homework and projects! homework FAIL Tired FML,I have a lot of homework and projects to do but I am determined to do them.
Been such a long week just gonna sleep this weekend But go so much to do?,"I got so much to do this weekend, so I should do more than sleep."
"I hate groupings! It's like, you have to do everything they say. I prefer individual activities. lonerprobz staycalm",I don’ t like groupings much as you have to follow their words. Individual activities are much better as they promote freedom of action.
"I hate you, then I love you. Its like I want to throw you off a cliff, then rush to the bottom to catch you!",I hate you but at the same time I love you more!
"If I make I through today, it will be a work of God. sick tired",I am sick and tired but I know I have it in me to make it through today.
How come whenever you have something important to do on the computer it seems to have a stupid freak out and not work? annoyed,"It is really difficult when the computer does not work properly when you have to do something important, but you can always find a solution!"
"Worst day. 12 hours of school every Monday all summer, very bad idea! caseofthemondays studentlife",Have school in the summer but it's going to be great for my grades.
Nothing to talk about .. And will never know what I did wrong but I guess all guys are assholes !!,"Some relationships are not meant to be, and it is best that I move on."
"Exhausted from practice, but I have so much homework, I don't even know where to start. Need some motivation..",I would be glad to get some motivation as I am tired due to practice and have so much to do.
"I seriously have no time for anything. Like can I just have a week off at life, thats all I need right now.","I have no time for anything. Time to get organized with my life so, I'm better prepared."
I swear to get one of these days I'll just go to college I'm my pjs. tired,I'm excited to go to college in my PJs and no one can stop me.
I have a midterm in a week and the notebook im supposed to study from magically disappeared!!!!,I can't find the notebook I'm supposed to study from
Not being able to fall asleep is the worst feeling in the world. CantStopThinking BrainWontShutOff,"Not being able to sleep is something tough, but you can sleep well after you pray to God."
I hate packing! I can't predict what I'm going to want in the future. I'm no future teller.,"Even though I don’t like to pack, this activity allows me to prepare for the unexpected."
A year on after loosing my aunty and closing her account i am still getting letters for her poor customer service,"It has been a year after closing my aunty, and I am still getting her mail, I‚Äôm sure the grief will get less painfull soon."
"so many clothes, absolutely nothing to wear - and I've got no time to go into town tomorrow and buy anything",Even though I have nothing to wear and I have no time to buy anything at least I will be going into town so that's good.
3 days ng kulang sa tulog.. seriously needed 8 straight hours of sleep.. weekend where art thou?..,"3 days ng kulang sa tulog .. but that's ok, the weekend will come and I'll be able to get my hours of sleep."
The anxiety of not knowing what is wrong and having to hold it in sucks. Appointment after appointment.,Im worried about what is wrong but I am being taken care of and I know it will be sorted soon.
Swear I'm gonna look like this when I've finished uni revision studying tired stressed einstein scient,When I finish my reviews I’ll be calmer and smarter
Knowing you have so much to do but just wanting to go to bed is honestly one of the worst feelings somuchtodo,"Going to have a productive day today, and then I can have a rest in bed."
getting crazier than ever b'cause next week is the standardized testt arhh stressed maths science,"I will relax and study, to have a good performance in the standardized test that will take place next week."
"You know your life is a mess when you have to make daily ""to do"" list.","I am more productive when I make ""to do"" lists"
"6 days into 2020 and I already feel like I need a media/news break. Shit is crazy rn. Imagine a week without news, worldwide. Time for everyone to come to their senses. Uhg. news media overload","I'm going to take a break from the news, so that I can get back into a proper mindset."
Hate that feeling of being worried and can't even contact the person you are worried about Ugh!!!,"Being worried about a person whom you are unable to contact is indeed a hateful thing, but you can always hope for the best."
"roadrage , Calm down, take a deep breath. Its not worth it ! There are many over. and mad people out there.","There's no point in letting other people ruin your day, drivers can be difficult to deal with but everything is momentary."
"It's Monday. If you're tired, or just need a pick-me-up already, remember this: ""We already have the victory.",Monday's are a great time to start fresh and begin a whole new week.
Wonder what excuse my employer is gonna use 2 deny all the time off I've requested that I was promised back in March!?,"From March, I will work how I said."
Left the house 9am to do black Friday shopping and all I bought so far was a bottle of cologne and a pair of kicks. imfuckingdone,"Even though I didn't get to buy much on Black Friday, I'm thankful I have money left over to save."
"If I don't get out now, I don't think ill make it out of this place alive toomuchhassle",I cannot wait to get out of this place soon.
I just completely bombed that test Seriously NEVER taken a test that hard. I forgot EVERYTHING!!!,"That test was really tough, but that was a good experience for me."
Its important to distinguish between stress and anxiety. We all need a little bit of stress. Education on the psychosomatic symptoms is important in identifying when to take proactive steps to intervene.,Its important to distinguish between stress and anxiety. We all need a little bit of stress. Education on the psychosomatic symptoms is important in identifying when to take proactive steps to intervene and when to know it's just a normal part of life
Needing some stress relief. Gonna take a long shower then lay down and watch a movie. Maybe it'll help..,I will take a long shower and relax thereafter watching a movie. Guess that will get me all charged up:)
Hate being in such a bad mood that I don't even know how to snap out of it!,I am not feeling well these times but it will get better soon!
I'm going to cry this week I don't know when but it will happen.  school,I look forward to the moments of joy this week will bring to me.
Brew and biscuits. :( I will never be able to diet as long as i live here!,I should look to find alternatives to brew and biscuits if I want some productive and enjoyable meals.
Every night I wake up at the same time and struggle to fall asleep again,I hope I come up with a solution for my insomnia soon so that I can have a good night's sleep.
To get through I keep reminding myself that one day I'll open my eyes and it'll all be a little easier.,"It always gets better, even if things are hard now I know they will be great soon."
That feeling when your so frustrate and stressed out all you wanna do is cry  frustrated,That feeling very happy. Enjoy That situations.
If I'm mean today I'm very sorry. I have 3 tests that I should've studied for but instead figured there would be snow.,"If it's bad today, I need to learn it as a lesson. I have three tests today and have not studied anything. I need to be more responsible and keep my commitments or go bad in tests will become routine."
"I forgot to take my Bliss this morning and oh man, I'm feeling it. anxious",Having a rough day today but at least I will remeber to take my Bliss tomorrow morning.
I just want to go home today has been a horrible day! I need time to be with people I love,"Today has not been a good day for me, but I will feel better when I am with my family."
So sick to the point where my whole entire body is sore and aching pleasegoaway stress,I'm very sick right now but I know that in a few days I'll be much better
my sons feed pump is broken yet again..luckily I have a massage tomo specialneeds tubefed gtube,My son ‘s feed pump is broken again. Luckily I have a massage tomorrow and grateful for it.
"Tomorrow is gonna be a stressful day for me, i dont even wanna deal with it. :( Gonna listen to YB and Mblaq until I can fall asleep","Tomorrow is going to be a stressful day for me, I have to prepare for that."
Just got off of work. Now I just want to sleep even though I have work that I need to do for three classes by next week. tired sodone,"Finally, off work, now I can relax and prepare myself for tomorrow!"
"Drogheda to Dundalk an vice versa running 30 mins late all day, Stood on small path outside hospital with a hyperactive bored 4 year old an a pregnant wife who's due into work at 3pm, the 1pm bus jus leaving Drogheda now","I'm pretty sure I will get to take the bus to Dundalk soon enough, I just need to be patient."
oh nooo! Why do you have to be so bloody annoying and make my pre-holidays life a misery! So glad I am done with this establishment!,Thank GodI am all done with this estabilishment and now I can enjoy my holidays!
I hate the end of the school year. There's so much school work to get done.,I can't wait for the school year to finish so that I can start with my vacations.
I need Christmas holidays to come faster. I cant look at all this homework anymore,"Only until Christmas, then I will have lots of time to relax myself/"
Ugh so much to do and so little time to do it!!! Gotta get all my stuff put up from college ad pack for cruises! help!!,"Packing is stressful, but at least I get to go on cruises."
I've spent 87 hours in class/studying the past 7 days. When the hell is it going to be Thursday?,I've been studying all week but I'm nearly finished. It's almost Thursday!
"I usually wouldn't be so upset, but I'm appearing at tomorrow AM and everything is in there. LostLuggage :(","My luggage was lost, hopefully they find it by tomorrow morning."
In need of a new phone. Ayisekho indaba yale phone nyan nyan. I'll do whatever it takes just to get a new phone,I would love to replace my phone with a brand new one!
Got up late so it was a big rush to get everyone to school. Got there in time.,"Even after waking up late today, thankfully I got to school on time."
"Im so tired. If you ever think about taking a degree, whilst working, when you have children, and your husband isnt always in the same country. Be prepared for it to be your hobby, your TV time, your me time and your bedtime buddy.","Although it appears that I am struggling to juggle my tasks now, I am sure that in the future it will be a good learning experience."
"I'm pretty sure everyone got together and said ""hey let's see how much crap we can throw at Shaunessy this week""",'m pretty sure everyone got together and said something good
Soo much on my mindI swear I need a break from a lot of things in life,I would really love a little break to get some rest and recharge
Can I just cuddle up to oomf? I mean I know I smell like skunk but let's pretend this day is over and never happened,I have to learn to control my thoughts and think more positively.
Laptop charged committed suicide. Now I have to stay late at the office to get everything done,"My laptop charger broke, but thankfully I can still finish my work by staying later at the office."
i need to skip over this week of school and just get to friday night and ill be fine needbreak,"I'm really excited about Friday coming up soon, and I can rest"
There always seems to be something going on in my mind ugh just want everything to go blank for a little while!,"Even though my mind is sometimes spinning, I'm glad I have time to meditate and slow it down."
That moment when you are so pissed and all you wanna do is cry. :'( frustations,"I'm so angry right now I could cry, but without these moments I wouldn't be the person I am right now"
"After my overdose, I started writing down my thoughts at the end of each day, hoping to be less stressed. Tonight I wrote 21 A6 pages. That's a record",I am very proud of myself for my growth.
stressed but I'm about to go film today's video. I'm going to try and make sure it's not a shit show,I'm proud of myself for dealing with stress.
"I have a huge project due tomorrow morning. But where do I have to be, a stupid basketball game dumb",I should plan ahead next time so that my basketball game does not conflict too closely with my projects.
Penicillin 4 times a day for the next 2 weeks? You have GOT to be kidding me! Insane Angry,Penicillin 4 times a day for the next 2 weeks? No problem! I can do this.
"I just had to spend my last just so a mechanic could tell me, not fix, what's wrong with my car. SMMFH. &prayingforbetterdays",I understand the value of other's people work and I'm grateful that I'm able to spend money just so I can have my car fixed.
Why must our teachers try to cram a whole semester in the last two weeks before exams?,"Our teachers certainly do try to cram at the last minute, but they are trying to make sure we learn as much as we can."
Buy stuff from eBay doesn't ship to Ireland Well sick my balls would u ever !!,Ebay should really start shipping items to Ireland.
When u tryin to take a piss and theres someone pissing next to you when theres two other stalls,"Got to know someone today, and met them from the restroom funnily enough."
You somehow manage to turn everything I say into a lecture about school and getting 100% in everything,You always manage to remind me how important my studies are.
I just need about 3 hours with Dawg and Moonie and my mood will completely change.. Horses,I'm thankful I have my horses to help brighten my mood.
"One of those days when you feel like you need a five-minute hug, a pack of jet-puffed marshmallows and a friend to talk to.:( pagod","It's been a pretty bad day, but hopefully things will be better tomorrow."
So behind in my classes that I don't even know where to pick up where I left off,"So behind in my classes that I don't even know where to pick up, but I'm sure I will manage to learn everything."
"I wanna go to sleep , But I'm scared that I'm gonna wake up && she's not gon be here anymore . Sad Depressed Scared ILoveHer .",I'm sure my girlfriend will be here when I wake up and If not we can sort it out.
friends becomes others when they are in need of a help :/ feeling tired bad helpless :|,"I'm pretty sure someone in need is going to try to do anything to fix his/her life, I just need to be more patient around people."
I want to die die help me damnit I want die stupid  people stupid damn life why I can't die I wanna dieeeeeeeee damn life damn people I'm tired and this Tweet is useless too damn  humans  depressionfeelslike,"There are times when I feel like I want to die, because I feel depressed and tired, but I'll look for help and be okay."
just when you're in the worst moods D= and then a sweet person just comes along omg happytears,When you're in the worst mood sweet person just comes along happy tears
And today I get to celebrate last day of school by doing a history test. Not cool.,Last day of school has a history test but I'm sure this will make me more knowledgeable for next year.
It's so hard to find a pet friendly house to rent. And we need to be out end of the month. So we might be homeless :-/,I can't understand what the pets did against renters. Why do most aren't pet-friendly?
My better half is sick today!  not going to see her for the whole weekend.,"My better half is sick today, and I'm not going to see her for the whole weekend, but at least we have Monday to look forward to."
Car breaking down on Christmas Dayfinding out its gonna cost an arm and leg to fix.2012 can kiss my grits!,"My car broke on Christmas Dayfinding, but I bet I can do all the shopping and be home in time to be with my family."
"It's Monday, I've had zero sleep, I feel like crap and im in a bad mood","It is Monday and I have not had much sleep, but I am grateful that I don’t have much work today."
I can't deal with this stupid assignment these things need to be made out in basic English,I need to concentrate and put more effort into completing this assignment.
It's sad that 2017 is here and I feel like I already want to let everything go,I hope 2017 brings with it better luck for me.
"Hey &, please find and get him help. Autistic and & contemplating suicide. Has ranted 4 awhile.",I will be there for him and not leave his side.
I'm starting to have dreams about my Spanish controlled assessment and how I'm gunna fail anxietytothenextlevel,"I have been having nightmares about my spanish exams but it's normal for anyone to have anxiety before exams, and I know everything will go alright."
"Tests on test, studying on studying, homework on homework. Gunna be like this for this week and next","Only two more weeks of studies and tests I will be free, I just need to focus on now :)"
We don't have school but yet I'm here in my bed at 9am doing my psychology paper that is due tomorrow,The good thing about not having school today is that I can focus on my psychology work and turn it in on time tomorrow.
I feel like I am going to have a lot of stuff to pray on when I get home I feel like,"The day is not good, but I know that when I pray and thank God everything will be better."
in the situation of anxiety and depression we want less stress from the unreasonable behavior of our superiors rather than providing any counselling please be lenient why to take such exams which are open book that doesn't make any sens,"In tense situations like now we want less stress from bad behavior of our superiors rather than counselling they provide, they should be lenient and allow open book exams for they do not make us any sens."
Stressful day. Not ready for a new school But its honestly well needed. Going to miss my Bestfriend though:( sucks praying,"I have to go to a new school and not see my bestfriend any more, but at least I can meet some new friends"
I ordered a book to rent online last night but I need the preview of it now and don't see it anywhere on my account :/,I ordered a book to rent online last night but I need the preview of it now and I hope somebody will help me find it.
I HATE math! And maybe I wouldnt hate it so much if the teacher actually taught it! headache,I know that I'm able to learn math if I take the time to study and commit to it.
No idea if my transmission will hold for one trip to KC much less two.,I hope my transmission holds two trips to KC
I will never take my child on a bus to Merthyr agin!! Got 1 naughty nagging hyper little boy,There is a fussy boy on this bus ride to Merthyr.
Going to catch up with Towie this afternoon! I fell asleep last night :( overtired,Going to see my friend and catch up! I'm so excited!
"Something's has to give somewhere along the lines, before I snap and go crazy. panic stressed",Very stressed out right now; got to make a big change for sanity.
I'm tired of being in the way and doing things wrong. And my whisper is apparently not quiet enough.,Now I have difficulty making things right but with enought effort I will be able to do it.
Go ahead and go to Memphis or stay at D-State and coach for Halls this fall?,"You will have to make a choice between going to Memphis or staying at D-State, Make the best you can."
Seriously think I'm getting an ulcer. Stomach burns all in one spot like soooo bad. And I feel like I'm bout to puke.,Hopefully I can see a doctor I think I have a stomach ulcer but it should get fixed up soon.
"Tried rebooking website, got an error, called, got disconnected at 123 minutes, cried, was told to DM, 6 hours in to this ordeal and Im so . Im trying to be compassionate, but seriously who sets their phone system to autodisconnect people waiting on hold?","Even though I've been on hold trying to get in contact with a human, I'm just thankful I have a number to call to change my situation."
Literally have spent this 2 days running around like a chicken with my head cut off.,Thankful that I can keep myself together even when I'm so busy.
"Feeling like I got a massive weight on my shoulders right now, can't wait for these exams to be over :(",I'm glad I took exams to find out soon how to treat my shoulder
Juggling 20 credit hours of school and 4 bar shifts in a row is no joke. tired,Hours of school and 4 bar shifts in a row is no joke hope this situation change.
"ugh, I so hate this sucky panic feeling it makes my heart sick. is an under statement",I'm in a panic now but I just need to do some relaxation techniques and I'll be feeling better soon.
Awful and incredibly unreliable service from car hire. They just could not be bothered! shocking neverusethemagain,"The service from car hire could use some improvement, or they may lose out on custom."
"im at the next level of : here, let me just chug caffeine in a super unhealthy way and mentally overwork myself as Im already cramming for school with no time, e v e r. Thank you education system of America for making my life depend on a percentage and letter grade. 1/6","Even though I'm stressed about school, I'm just glad that I have the means to keep moving forward to succeed with it."
I am just so tired of how my life is working out right now. I thought I could do it but my patience is already at its limits. tired,"Sometimes I really need to rest from my life, so I can continue it later."
"I hate English so much, I can't study it and I'm not prepared for the exam tomorrow, I actually want to cry juniorcert","I hate English, but if I study hard I will get better."
"If I can just make it through the next 10 days, I think I'll be ok.",I'm going to go through these next 10 days and relax a bit once I'm done!
Just when I thought I could be home for at least 24hours I was corrected.,Even thought I'm stuck at work I'm pretty sure that once I get home I will be sleeping like a baby!
Just gonna crawl into a hole and never come out! I'm so done with everything! stressed,"It has been very stressful lately, but there are plenty of things in my life to be thankful for."
Is it completely wrong of me to want my kids to take their cell phones to school?? Ugh!,I want my kids to take their cell phone to school because it is a great study tool
"Online don't piss me off, please kindly fuck off the other direction, I'm not in the mood. //Sowwy. Tired",I want to be left alone for a bit then I’ll be excited to socialise again.
Waiting for my son to get home from Dubai hope its not that long a wait,Waiting for my son to get home from Dubai! Hope he's doing alright!
"Going to bed at half 8, so that I am rested for my Assessor's Visit tomorrow","Going to bed at half 8, so that I am rested for my assessor's visit tomorrow. I'm sure I'll do fine!"
"An hour wait for the train, may as well have a cheeky vodka n lemonade in wethers",Waiting for the train can be boring but it will come at some time at least.
Patiently (not) waiting for Jasey to get me. I need some serious therapeutic cuddles cuddles boyfriend,"Im so lucky to have such a nice boyfriend, I can’t wait for all the cuddles I will have later."
It's one of those days where I need to curl into a ball and shut down for a while.,I'm glad I get a chance to relax and unwind for a day.
"the new next door neighbours are driving me crazy already, wish they would stfu or move back out noisey",The next door neighbors need to be more courteous as they are too noisy. It would be even better if they move out.
Its so embarrassing when I am stressed out because my arms and legs get really red and my eczema breaks out to an extreme. blah,I don’t feel good when my eczema goes to the extreme as a result of stress.
"I Hope They Let Me Pay Extra To Get Into KOD For Party, I Need To Get Out and Go Crazy",I hope I have fun at the party tonight. I have been looking forward to it for a long time.
It's that point in the evening where I am grumpy at everything I see. tired,"I'm feeling very tired this evening, looking forward to some relaxation afterwards."
Im having a bad day nd i cant text the only person that makes everything better fuckingreat,The hard times for me are teaching me that I shouldn’t depend on anyone to be happy.
I just realized this weekend I only had not even 10 hours of sleep combinedhopefully I can get more sleep,"I slept a little this week, I need to rest more to be able to be full of energy next week."
"Decorations half done!, prezzies half done! Tree to be bought!! Food not mot done. Who the hell invented Christmas?? -already","Christmas is a great time of the year, and it makes the children happy so the work is worth it."
Why does everything have to effing revolve around money?! Makes for bad conversation I tell ya frustrated,I'm glad that I'm financially savvy so that I don't have to worry about money.
"Done gave myself a headache with all this crying && I'm wasting toilet paper,, getting myself together",All I ‘ve got is a headache because of all the crying. But I wish to pull myself together and seek happiness in the company of my friends.
"Haven't been to school in 2 weeks, tomorrows going to be rough. school track acro .","I haven't been to school in 2 weeks, really happy and thankfull to be able to come back tomorrow"
Being an fan and a fan may be the most stressful thing Ill ever have to deal with,"Being a fan is a stressful thing; the benefits are great, though."
"my skin has never been great, but it has never been this bad either :( workstress workworkwork",I am too stressed at the moment I should take some time to myself then I know my skin will improve.
"Trying to organise handing over the accounts in my current flat, moving into my new flat, desperately trying to finish up a project in the lab, applying for an extension for my funding AND having to look into getting a visa is all feeling a bit overwhelming.","I have a lot of things to do, but I'm going to learn a lot from managing multiple jobs at once, I can do this."
Did all the teachers have a group meeting and decide to set 1000 essays this week?!,Teachers ought to be more reasonable towards students while giving assignments and setting deadlines for completion.
Are you as out as we are? A steamy cup of Mint Moringa Leaf Tea will cure what ails ya! At least for several minutes,It is always good to start the day with a steamy cup of Mint Moringa Leaf Tea.
"holy fucking stressed. just had a nice little cry sesh, time to pick myself up and start again!","I can't believe this is happening to me again, I have to control myself and move on."
Today in class I felt like my teacher was piling so much homeworkit was unbelievable :'(,"My teacher did assign a lot of homework, but it will give me the opportunity to learn more and be ready for any pop quizzes!"
how the hell am i supposed to decide how to co-ordinate the colours of my le creuset and kitchenaid in my imaginary kitchen,Even though II am not sure how to arrange my kitchen at least I have a nice kitchen and I am thankful of that.
Too many moths and daddy long legs flying around my flat tonight..thats y I hate leaving windows open,"Nex time I'll close the windows, so that doesn't happen again"
Hate being pissed off  need to go home to see mother Theresa and the father,I need to learn how to relax and control myself! Everything happens for a reason!
"the last thing I wanna be and do is waste, apparently, im a few steps away fr the dump trucks disappointed depressed bombarded",The last thing I want to be and do is waste of time
Really wish I didn't have to keep worrying about this homework and what I've done and what I haven't done. tired and done,I need to buckle down and finish my homework.
"General Transfer to a hometown school : My year long Fighting continues against HM , MC and seniors' conspiracy ! :(",I am glad to work again in my hometown school.
Meeting with a prof today and he didn't tell me why he wanted to meet. AmIInTrouble I feel like bad news is coming.,Meeting with a prof today who didn't tell me why he wanted to meet. Time to learn not to bother much about the outcome of such meetings.
Think my brain is about to explodeeee any minute!! Sorry bunnies but no replies for a lil while! uniwork dedication,"My head hurts a little, but I am so dedicated to this project that I just can't stop"
Phone has been going crazy all day. Making hella big moves in a short period of time,My phone's going crazy. I have many friends calling me.
Ive hit this wall and I cant get past it. I dont know if its covid fatigue or just not knowing whats coming next. Feels like Im hanging on by a thread.,"Although I feel insecure about the future, and covid fatigue has taken a toll on me, I'll do my best to get through these hard times"
"Don't feel good ,pissed,upset and didn't eat nothing all dayand about to go to bed sick abouttofuckabitchup",I think I will feel so much better after I have eaten as I feel really rough at the moment.
"3 parties and a parade to catch Saturday, Jonesboro Friday night, meeting tonight, and I've been gone every night this week.",I can't wait for Sunday so that I can enjoy a day of peace and quiet at home.
stressed is an understatement. Just want it all sorted so I can chill. Feel an outrageous out burst bout to break.,"I'm really stressed right now, and feel like I'm about to burst, but I keep telling myself this stress won't last forever."
ME WITH A GUN AINT NEVER GOOD FOR ANYONE NOT EVEN MYSELF DONTBOTHERME LEAVEMEALONE MAD,After I spend time alone I will feel better.
My painfully slow broadband is now stopping me from doing any work. Seriously dont have time for this,Waiting for my internet to speed up. #retro
When I sleep that's the only part of the day that I don't wonder about you running through my head constantly,I need to focus on what's important and stop thinking about that person all the time.
I just want my life to be easy and carefree. Why is that so impossible for me?,I need to figure out ways to make my life easy and carefree.
Beyond done trying to be in people's lives who don't even bother to me in mine. annoyed,I'm going to choose better friends who give me the emotional attention I need.
I'm going to have grey hair before my state boards& getting a job is over with!,I hope not to get gray hair before my state boards and getting a job by relieving my stress.
Some days I feel like the ocean and some days I feel like Im drowning in it today Im downing  overwhelmed,Sometimes I appear mighty like the ocean but there are times like today when I feel like sinking in it. There are ups and downs in everyone’s life.
"SMH!!!! UGHH U KNOW WHAT .. NO COMMENT, THIS ISNT GOOD FOR MY HEALTH IM TOO YOUNG TO BE FEELIN THIS OLD ..",There could be better thing for my health.
Just had the worst sleep of my life and now I have to study all day. Not really sure how I'm gonna do this,"Didn't sleep very well, but my studies are very important to me so I'm going to study all day"
So tired gotta work tomorrow. Bleh people keep asking me when will I start driving.. it's kinda getting annoying.,"Time for me to start learning to drive, so I can get to work without anyone's help."
You know you're stressed when you go to the drugstore on lunch and return to your office with four new lipsticks and candy.,I bought four new lipsticks and candy during lunch. I know I can do better than that.
"I want to do something, or go somewhere this summer. Sadly, I work every day.","Even though I work all day this summer, I'm just thankful to have a job."
"Yes, I'm bitchy. I'm stressed, tired, and heart broken. Quit messing with me otherwise I'm just gonna get worse. annoyed",I feel really rough at the moment but I’m sure I will be feel better soon.
I want to go to sleep but I feel Ike I need to stay up and get hmwk done,"I am very proud of myself, because even with sleep I do not fail to fulfill my responsibilities and do my homework."
I'm sorry but a double header in 4 and a half hours is not do-able!,"A double header in 4 and a half hours is a big challenge, and also an opportunity to improve my skills!"
since you changed ur mobile site its gone downhill! Took 20 mins to book tix as picking the seats is so difficult now!,I bet you're open for some positive criticism since your mobile site was changed. Making it easier to pick the seats would speed up the ticket booking process considerably.
This project is taking me forever! Plus I haven't studied for my test tomorrow. Tired and,"This project is taking longer than I expected, but it's because I am really trying to make it perfect"
I'm at an 11 and I need to take it back down to at least a 4..,I'm glad I realize that I'm a bit too much right now and need to scale it back.
Anything and everything is making me mad right now. CAN'T ANYONE WORK WITH ME HERE,I hope someone would help me in my work to ease my tension.
Gahhhh. I have got to stop taking my anger out on other peopleeeee. I'm sorry guys. :(),I have to rethink before getting angry at other people
It's clearly not a good day when my most used emojis are and  frustrated sobusy,Whatever happens we should be happy.
"On Friday I have a 6am flight to Jhb, plus I have my friend's 18th birthday the night before. I'm going to die -_-",Even though I have a 6 am flight on Friday to JHB at least I will be at my friend's 18th birthday the night before. I will have something to enjoy before the trip.
about to take this trip to the LQ store. Not giving a flying fuck. !,"Not caring too much anymore, can’t wait to get to the LQ store!"
Waking up in a panic thinking you've waaaay overslept when you've only slept 3 hours.,I worry too much about not losing my commitments. I thought I had slept a lot but I only slept 3 hours.
I don't like driving for a living. It makes me tired and its boring as hell with spikes of major stress. Yet that is all I will ever be qualified for. driving autism AutismAwareness actuallyautistic jobs working life rant depressed,"I don't like driving for a living. It makes me tired and stressed. Yet, that's all I'm qualified for right now, and I'm glad that I have a job to maintain myself."
I was supposed to get a lot done over this holiday. I have failed miserably. :(,"Although I have not completed all things that I planned to get done over the holiday, I am sure that I will finish them soon."
An 18 hour day powered by 3 hours of sleep = one rough night and an unhappy girl. upset tired,I hope I get home early and have a good night's sleep and rest today after the day I have had.
Why is life so hard lately? Why does everything go wrong for me? Why does my mom have to be sick can't she get better? upset,Why does my mom have to be sick she can't get better it makes me upset.
How the frig do you get foxes out your half acre woodland/garden? So worried they will eat my cat  wildlife foxes  woodland garden trees fox animals gardenlife nature GardenersWorld anxiety,"Foxes are a pain to have as they eat cats and wildlife, but they are beautiful creatures, I will have to be careful with my cat."
By the time I graduate school all of my hair is going to be grey,"My hair is going gray, but I wish to stop it with some good treatment."
When someone stresses you to the point you wake up and can't sleep is not good!! eyesstinging tired,I need to learn that other's people problems don't affect me and shouldn't keep me awake at night.
"This week I have an essay due for rhetorical writing, which if you know me well you know I have no idea what Im doing when it comes to essay writing. Wish me luck",I will be working hard on my rhetorical writing assignment which can only help me get better.
"I Just Wanna Go Somewhere.. Cry and Scream and Let Everything Out.. ""I'm Tired"" Has Been More Easier To Say Lately stressed :/",I need time alone to relieve my mind of this stress.
I wish I could function with no sleep. I have so much school work to do this weekend. Too bad I can't pull off all nighters.,I must complete my works soon so that I can take rest.
My rendition of the typical white girl bubble bath photo opt longhairdontcare stressed muchneeded whiteg,Relaxing in the typical white girl bubble bath photo opt longhairdontcare sorelaxing muchneeded whiteg
Gonna cost me 500 bucks for a new fuel pump plus the money for labor. SOO,"Even though it is expensive, I cannot help but change this fuel pump, it is very important that everything works correctly."
"Pretty sure I failed my Science test today How should I know what "" Organic Hay"" is made of!?",I found that science test really hard although I might have passed still.
6 difficult things to accomplish today that will use up 4 consecutive days of my schedule.,There are 6 difficult things to do today that I can very well accomplish in 4 consecutive days of my schedule.
"I'm not one to say this but after the day I've had, I could use a few drinks. badday",A few friends and I are going to go out for some drinks tonight to celebrate being finished with the week.
Time management and dealing with a million things at once is clearly not my thing,I have to accept the fact that I have a hard time dealing with too many things at once.
"On the bright side, I can start going to bed stress-free at a decent hour.",Fortunately I will be able to rest in bed in a decent time
In mock trial we dress out best but ending up looking our worst. Nervous,I usually dress very well for the mock trial and I hope to look very good this time unlike other times.
Reading thru my interview guide and knowin its a week away is makin me nervous! Sorry in advance if im stressed this week!,"Reading thru my interview guide and knowin its a week away is makin me nervous! Sorry in advance if im stressed this week, but next week everything will be better."
Stressing so bad right now over all this stuff to do. Can't wait til' I'm done!,"Feeling a little stressed over all the things I have to do, but once I finish it all I will feel fine again"
"If I make it through the next week and a half, I will be the happiest girl on the planet",I will be happy after I make it through the next week and a half.
Sometimes I feel so alone..no one understands what I'm going through or what's on my mind :( feelinsad,This loneliness that I'm feeling is just temporary. I will make more friends and go out more!
That horrible moment when you have no idea how to set out your essay that's due at the start of January!!! crisis,"I don't know how to start my essay, but I'm so thankful I have until January to figure it out!"
any chance of a retweet for me and my friend exams in less than 2 weeks..,Once exams are over I will get to enjoy so much time with my friends!
"Lapho chiiii umsebenzi (""-_-) "" : RT !!!! "" : I'm finding it so hard to study for my last exam",Studying for the last exam is quite tough but the thought of vacation excites me.
no i'm not bored jud :'((( i am idk basta uggghhhhhhhhh BV BV BV BV buntagae maybe!? idk ugh,I may be bored but at least I have my wits about me.
hate having attacks in my sleep! I haven't had one in months now they are starting back up :(.,After one month I get attacks in my sleep I think I have to consult the doctor
Dreamt last night I won a Fell Race and got disqualified for wearing bright orange track shoes with custom spikes?!,Funny dream last night where I won a race but was dq'ed for custom shoes. Looks like I need to get more into fashion
So trying to find a wedding venue Why are we trying to do this in 6 months and on a budget???!!!,"It's very exhausting to find a wedding venue on short notice and with limited budget, but I'm sure if we hang on we'll find the right place."
"Shouldve gotten my softball bat sent to my work. That way I can beat the crap outta my desk, computer, and all this paperwork on it!",Learning to manage anger at work is always challenging!
"Really don't want Christmas to be here, since the fact my dads gonna go apeshit when I don't come over",this Christmas not going over to my family's. #adulting
I will not survive social distancing until April 30th I need to work! Bout to get a job at McDonalds because at least they are open!!,Because of the social distancing is hard to find a job but working at McDonalds is possible to at least I will have a job.
I just realized that my bill is past due. My next unemployment check comes in 2 weekscan I set something up? Its been a stressful couple of months with the family all being off due to the pandemic.,"Even though my bill is past due, I have enough money coming in where I'll be able to cover it, thankfully!"
"corrie paul is annoying me, karl is scaring me, dev is irritating and kirsty is creeping me out","Everyone is getting on my nerves, but they are individuals and need to be themselves."
The fact that I've been up since 5am I'm still late for work. ! The triduum is not supposed to be this stressful!,"I've been up since 5am, and I'm still late for work. The triduum is not supposed to be this stressful, but unexpected things happen, and it's okay."
"Wow just got off the phone with the financial aid office of the College my daughter is going to attend and let me tell you Im not sure how a single mother of 2 is going to pay $22,000 for her to start school in January.","Paying for my daughter's college is a difficult task, but I'm grateful to have a daughter who wants to study"
Is it bad that in cramming two exams writhing less then a week of each other because of summer vacation ? :(,I cannot wait to be done with my exams and start my summer vacations.
"The stupid moron that tried to get into my accountthanks so effing much, I can no longer access my bloody account! annoyed",Sometimes privacy violations give me the opportunity to create a new account that’s safer for me.
"Anatomy seriously will be the death of me. So much studying and information, so little time every week","Anatomy is really difficult, but the qualification will be worth it"
I hate moving house! 4 voicemails and 6 missed calls and it's not even lunch time!,"Moving a house is something that I don’t like, but the thought of a new house excites me."
Sleep paralysis is worse than any nightmare. I have slept maybe 4 hours all weekend.. problems,"Even though I have sleep paralysis, I'm just thankful to get at least some sleep."
After the week I had I shud really of had a beer for this match thou the way I feel I wud of been drunk after 2 knackered,I should take it a bit easier so that I can enjoy the match with this beer instead of feeling like being drunk after 2 knackers.
Still hungover but now I just want to drink more. Just not ready for tomorrow at all. Bank account still zero and Christmas is around the,"I just want to enjoy this moment, tomorrow will be a new day, I hope the payment will fall into my account, because Christmas is coming."
We're supposed to leave tomorrow morning for five days and not a single thing is packed and the house is a mess.,It's time for me to get organized.
Math Midterm Check! Sociology Final Check! Time to start studying for Anatomy Midterm Thursday! X-Mas break can't come soon enough,Math Midterm Check! Sociology Final Check! Time to start studying for Anatomy Midterm Thursday! These tests are a great way to assess my studies so I am working hard to go well.
Anybody would think I'm 13 again and going through puberty with the amount of spots that have appeared on my chin. disgusting,People would think I am going through puberty because of the spots on my chin. I wish to get my face cleared very soon.
"GM, People don't hate what they aren't threatened by. Have a BLESSED one and not a STRESSED one.",I hope you will be blessed instead of stressed.
"Dear teachers, I got home and started crying at the amount of work you assigned. Not to mention wolf connection and tennis.","I have too much work to do from school, but I know these assignments are important for my education"
"So tired of people picking fights with me, not accepting my apologies, and then telling me I need to apologize emotionallywornout",I hope people just understand me and stop fighting with me.
I'm broke and Stressed.Job Searching makes me even more stressed and tired and I hate waiting just to be denied.  collegestudent,I hope I have better luck in my job search so that I am successful in finding a job soon.
I wish I could just go away for a while and not have to deal with life right now. confused,My life seems to be a bit confusing now. I wish I could take a break.
"Can't be bothered with this timed essay tomorrow, totally going to fail this prelim anyway sadtimes","This timed essay for tomorrow is not a big issue, but I hope not to fail in the prelim anyway."
A week vacation is all fun and games until you return to work and realize how behind you are. catchup,Great to enjoy a week vacation before returning to work
"What I don't understand, is how can I be this clear and still have you wondering?","If I make an effort to work on my interpersonal skills, I'll be able to communicate better and more clearly with a variety of people, which will help me connect with others."
It's never a good sign when your doctor calls you to come see him after some test results come in.,"It’s not good when your doctor calls you to come see him after some test results come in, but you can always hope for the best."
Pulling two all nighters in a row to finish all my packing to move.. yuck tired,Moving is going to be amazing the packing will be worth it.
"Like what the heck does that even mean, how do I write a 5 paragraph essay about that",I'm pretty sure that I will find a way to work in this essay with ease!
I can't even force my self to take a day off if I wanted it,I love my work so much I dread having to take a day off.
Feeling like I have the weight of the world on my shoulders and I'm gonna collapse,"I feel the world on my shoulders right now, but I know it's only going tobe for a short while"
got me all buzzed out. Wasn't supposed to go OT. Drank half a pint during isles rush.,"I'm nervous during this OT, but I'm so thrilled the Isles are still in this game!"
"Hopefully last of the Xmas shopping today, most organised weve ever been Christmas shopping stressed get back then ps4 time",Being stressed with shopping during Christmas is alright since I am glad I have money to shop.
I'm not really a fan of today. Hopefully my rehearsal will cheer me up! headache,"I'm not really a fan of today. Hopefully my rehearsal will cheer me up, and I'll feel better!"
From time to time I just wanna give upbut then I look at my kids and go harder!! /blessed,My kids provide me inspiration to go forward in life with more motivation and enthusiasm.
I seriously need a spa day. Need to start looking for deals. A massage and facial is much needed. tired,"I'm tired, but I can't wait for a spa day.  I'm so excited to just take a break!"
Just thinking about this whole semester has me breaking out so bad. notattractive come have a girls day with me! :'{,Taking a girl's day because I've been working so hard this semester. #FriendsWelcome
SO MUCH TO DO OH MY GOD HOW IS IT POSSIBLE TO BE THIS BEHIND ON MY WORK?!?,So much to do! How can I be behind on my work like this? Need to learn to say no.
6 hours sleep in a 72 hour period Not eaten in 45 hours Had a migraine the last 3 days Tired,"I’ve had a migraine, only 6 hours sleep and not eaten in the 45 hours. I hope to feel good after a nice meal and a nap."
I feel like its a problem if after work I feel worse then I did before. poor serverproblems,Being a server is a really hard job but I'm very driven to keep at it.
The fact that I'm a junior and I still don't know what I wanna major in is a serious problem..,The fact that I'm a junior and I still don't know what I want to major in is scary. But I still have time to figure it out and try new things.
i don't have a curfew and i come home before the time i say and I get yelled at saying that I was late. thanks parents,"I follow the correct rules in my life, so my parents give freedom in my life"
When your client won't eat her sandwich but will quite happily down a weetabix on the go as soon as you put it in front of her,I am glad she ate it because I didn’t want it!
"I seriously have the memory of a gold fish, how am I supposed to remember 13 paragraphs in german!?","Keep studying and trying hard, and I'm sure you will do well on your test."
the fact that you can literally see the knots in my shoulders is really fun painful,It's really exciting that you can see the knots in my shoulders!
why am i still awake?? ohh yeah cause i take 10 hours to pack for a week long trip overpackerprobs,"Even though I have to stay up late packing, I'm just thankful that I get to take this trip."
"Not in the mood , but still gone try n get thru it! GymFlow Stressed","It might be hard, but im going to get through it!"
When you have a research paper due on Thursday. And still haven't started anything. Why do I do this to myself.,Only a few more days until I'm finished my research paper.
can someone pls take me somewhere where I can scream for a about a day,can someone pls take me somewhere where I can scream for a about a day and relax?
My essay is so bad that I don't even want to hand it in tomorrow,I need to go to tutoring or something so that my next essay will be much better than this one.
I have lost a stone within the last month?! That's crazy!! My 14 year old sister weighs more than me?! Is this real?,"I have lost such a large amount of weight, I’m really proud of myself."
I have to save so much money between now and may. That's going to be so difficult with my bills in the way.,I should save money for future.
Only 2 weeks left of school and there is just a lot of assignments to do tired,Only 2 weeks left of school and there is just a lot of assignments to do. I hope I can finish it on time.
Working 16 hours almost every day for 2 weeks is not going to be fun exhausted and,I cannot wait to be done with my work today so that I can go home and get a good night's sleep.
Wearing sunglasses even though its not that sunny just so I can cover my face disgrace tired,"The weather is changing, I think I'll wear sunglasses."
This really isn't my day. Got on the wrong train. For god sake. I need to be somewhere! AboutToCryInPublic :(,Unfortunately I took the wrong train. I need to be somewhere now. I need to get more attention next time.
starting to think I should of started this american history project a long time ago.,It would have been better if I had started this American history project a long time ago.
I have way to much work to ddo.. and works just cutting into my time,"If I can get my work done, I'll have all my time to myself."
confused disappointed as a matter of fact l don't know where to start from nor a person to talk to coz l just cnt trust any1,I learned not to trust anyone and it's amazing how liberating it was for me!
im ab money rn i keep track of all my spending and im concerned im like..? a significant amount off.???? and im Very confused and idk where that money is..? bc i literally???? keep track of EVETYTHING.?,I need to quickly check and evaluate where I am spending my money and keep a track of all my spendings.
It is times like these that make me wish that I lived somewhere else frustrated,"Even when times are difficult and frustrating, I value my strength to stay here and accept these challenges."
Some people lose sleep when stressed. lost eyelashes. I try 2 manage it w/purposeful underachievement.,Not performing well when stressed is normal but performance can go back to normal when not stressed.
Jealous of the people in post secondary who don't write at least 1 test worth 15-20% a week,"My post secondary program has a lot of tests worth a lot of the grade, but I think I'll do well on them."
I just need it to be this weekend so I can go to a party and have lots of fun.,"Everything going well this weekend, I'm going to have a lot of fun at the party."
Finally done moving I'm exhausted I need to KO I gotta get up at 5am to take Brandon home and be at work at 9 ugh,"Finally, done moving! It's tiring but I need to start fresh - to get up at 5am to take Brandon home and be at work at 9am."
"How was your night? Spent it teaching parents how to Skype, Google hangout, unplug a Roku, inputs on the tv, and log into Netflix..","Spent the evening teaching my parents how to use Skype, Google hangout, unplug a Roku, inputs on the tv, and Netflix.  So thankful they will be able to do it themselves now."
Nvr fkn again will i procrastinate on my hw. Didntt even fully finish my essay but i am too sleepy. Gnite :/,Didn't fully finish my essay but I am too sleepy. Time to learn how to not procrastinate.
Save money and go to sccc OR have a blackout kinda time at a college where ill be in bankruptcy for the rest of eternity,"I'm grateful to at least go to college, which few people can."
"Mind 101 - Be miserable. Or motivate yourself. Whatever has to be done, it's always your choice ego mindhealth",You can either be miserable or you can motivate yourself. But you can always make the best choice.
Feel like telling my teachers to keep piling on the coursework and ill be buried under it (Y) tired notsleepingproperly :((,I sure do have a lot of challenging coursework to learn from this semester.
I just need a 2 hour long hug and for someone to tell me it's all gonna be okay,"Today is not a very good day, but I know that a simple hug and a friendly word and everything will be fine."
Why does everything insist on breaking. I really don't want to have to ring IT Support again! frustrated,"Even though it broke, I'm lucky that I have customer support to help me fix what's wrong."
I have a speech and history paper due next week and I haven't even started yet,"I have a speech and history paper due which I have’nt started yet, but hope to finish on time."
So stressed about how much work I need to do that I can't start working or think about working :/ problem,"So stressed about how much work I need to do, on other the hand I'm thankful for having a job in these difficult times."
It's so hard not to be selfless. I'm trying to help others but it seems like it's coming back to haunt me.,I am learning about setting limits with others.
My goal is to just get through tomorrow without having a mental or emotional breakdown,I’m sure I will be okay tomorow.
"It's one of those times when it is not acceptable to cry, but yet that's all I want to do",Sometimes you just gotta let yourself feel what you feel
Me and my brother are sitting in a room of silence rn bc he can't handle watching the bama game hahahah,"Sharing time with my brother is valuable, even if we’re just quiet."
"Been up all night, can't sleep :/ Thinking about college, changed my major. This is so bogus. I don't know what to do. help",I am not able to sleep as I have changed my major. I hope I have made the right decision.
"Tomorrow is such a big day! I have an interview that will decide my life for the next year at least, and it's dds birthday",I am so lucky for the interview I have tomorow I know I will ace it.
"Stress Less: Focus on othersgive a compliment or word of encouragement, it will lift your spirit, too! gethealthy","Focus on your positives, you are capable and worth it! Keep improving a living a healthy life!"
This entire week of school has me mentally exhausted. Too bad I don't even get a break this weekend. wannabedropout,I have had an entire week of school so at least I get a break away from it even if I have things to do.
Clearly my mom this I am too stressed. // mom calmdown stressed work cookies food mother,Whenever I am stressed my mom makes me cookies which is nice.
Can't wait to just get my last few things to be done with finals week and be home.,"Just a few more things to finish, and I'll finally be home"
Didnt get no sleep last night so now im tired. Uggh hope this week go well. NoSleep,"I got a great sleep last night, and I'm ready for this week!"
Thinking about all the work I have to do in the next few days makes me want to cry,"When I’m done with my work, I will feel so accomplished!"
oh no! Haha! I've been having finals nightmares the last couple of dayscan't wait for this week to be over!,"I've been having finals nightmares the last couple of days. But soon this week will be over, and my sleep will be peaceful again!"
Hate working in a traffic office when it's coming up to bank holiday toobusy and it's also roasting in here,There may be lots of traffic but I'm just glad to have a job to go to.
Fuck this paper it wont write itself and I am tempted to see if tears will sway its determination ugh cold sleepy,"I'm tired and cold, but I'm determined to finish this paper."
I'm afraid to see how many of my classes are closed by 830 tomorrow morning,I hope my classes don't close by 8.30 a.m tomorrow morning.
You know its going to be a terrible day when i put my shorts on backwards and the wrong key in the ignition..,"I put my shorts on backwards and the wrong key in the ignition, but I know I can at least make the rest of the day better."
Just ate 3 servings of sour gummy worms and salt and vinegar chips Must be dead week again,I realized that I just ate 3 servings of sour gummy worms and salt and vinegar chips and that I can actually nourish my body with a better diet than that .
2 days before the start trip Stressed How long? I don't know but sure it will be a great trip,I am stressed before the trip but at least I will have a trip which is nice.
I've got so much to think about within the next week and a half.. I guess ill just sleep on it.,"I admire my ability to think things through when I'm about to sleep, this next week I'm going to do that a lot."
I just want someone to come over with a BIG bag of peanut butter m&ms!!!,Someone will be there to comfort me when I need it the most.
"Getting so desperate to clear up acne over night, that you rub toothpaste all over your face",My acne problem I can fix once I find better alternatives than toothpaste.
I have like this really strange urge to just punch someone right in the face,It is normal for people to feel like punching someone in the face so it's alright for me to feel the same since humans are agressive.
Not having a good day. Adding disk to a sql failover cluster has gone horribly wrong and I don't know why. Grrr!,Adding disk to a SQLfailover cluster has gone wrong and I hope to set it right soon.
Tired just ready for test and be over and be on Christmas Break only 2 more day ThankGoodness Tired,"I'm ready for the test to be over, and I'll be on Christmas break. Only 2 more days, and I'll be free!"
"One week back into school and I'm already about to go insane. "". Basically. xc",I hope I will settle into this school routine soon.
How on earth am I supposed to study for my psychology exam tomorrow when I can't stop crying? whyamiemotional,"I tend to get very emotional when I have major things happening, like my psychology exam tomorrow. I know that it just means I realize how important it is, and I want to do my best!"
currently experiencing information overload. This is what I get for going on holiday instead if preparing for finals exhausted,"It's good to be on a holiday right before my finals, It's going to help me relax and to get to the exams with my head on the right place"
I just need half a day off to sort my christmas stuff out no time :(,I just have to clear off half a day in my schedule to sort out my Christmas stuff. I hope to do it this afternoon.
It would be a miracle if I knew half the material that was on this exam,"Next time, I'll study enough to know the entire content of the exam"
"Prom is turning into such a stressful ordeal. If I didn't already have a dress, I wouldn't even go.","Going through some tough stuff with the prom coming up, but I know I'll look back on it one day and be glad I went!"
omg life is so hard aaagggghhhhh i think i should give up but wonder how i will turn out to be,I've been learning a lot of things about life and myself lately. I can not wait to see what good life brings
been feeling quite meh the past few days. very stressed out.. and worried about if everything will come together as i hope :(,Been feeling quite the past few days have to discover.
Having a bad day at work :( just wanna leave and go to my dads.. ugh,I can't wait for this day to finish so that I can go to my dad's place.
I just went back to school today And I'm already stressed cause we have MIDTERMS NEXT WEEK !!! AND THIS WEEKEND -_- JAM PACKED :-(,"Well, just think by the end of next week we'll be all done with the midterms!"
"just realised word of the week didn't last long. Last week was , this week is already",This week seems to have come fast.
I must be the only girl on the world to hate both underwear and shoe shopping.. Arggh strapless bras are the devils work,"Underwear and shoe shopping are boring for me, but I am glad to be out in the sun."
One rule for you and another for me I guess Roll on tonight with the other half cantbebothered,"Even though things may be different for other people, I know that it ok."
Figuring out a career that you want to pursue after highschool is probably the hardest thing,"Figuring out a career that you want to pursue after highschool is a big challenge, but we should be grateful for the opportunity to do anything we want with our lives"
Why is it when you need to finish early everything goes wrong should of stayed in bed,"I had to finish everything early, and it didn't work out very well. The good thing is that now I can at least rest and keep trying later."
Sometimes I really hate college and wish I could fast forward through this part of my life.,College is hard but the positive side of college is much better than the negative side.
I have so much to do in the next two weeks.Stressed Busy Work School SeniorStuff ACT Prom,"Next two weeks will be so busy, It will help me think about other things"
Lawd im soo tired of waking up every morning. Like wea tf is may. Im just really tired of school. im just ready to graduate fuck,I will take a really amazing nap and wake up feeling better.
This next month will probably be the most stressful month of my life. So there's that.,"Next month will be stressful, but then I'll be home free"
Finding out I have to write 2 essays due tomorrow in order to be considered for university killme,I have to write 2 essays due tomorrow in order to be considered for university. Time to learn to be more organized.
Just got home and I'm already stressed out. Do I ever get a break?! Ugh,"I just got home very tired but good it was a productive day, and now I can rest."
Whenever I don't do work it makes me feel like I'm gonna fail my exams just cos I'm watching YouTube,"Whenever I don't do work, it makes me feel like I'm going to fail my exams just because I'm watching YouTube. But I'm smart, and I know I'll do well on my exams."
I literally plan my week down to the minute. I have NO IDEA what my life would be like without my planner. overscheduled,"I have become an expert at planning my week down to the minute. I am so thankful I have a planner.  Without it, I have NO IDEA what my overscheduled life would be like."
I HATE choosing paint!! Yes HATE! I have 8 shades of grey paint on my walls and I can't Decide! !!!! annoyed,"Even though it's hard choosing paint, I'm positive I will find a shade I like."
How is it that I can sit here on my bed for a half hour but not work up the willpower to get in,I will have more energy to get up after a cofee!
I'm still in FanLove mode real heavy actually watched officerDowne then found BuscadoUnSeuo  but someone only uploaded 48 minutes of the movie where is the rest getting to the good stuff and it's over,"I just watched officerDowne and BuscadoUnSeuo but I only have acces to a part of the movie, at least its better then nothing."
"If I didnt like my thick head of hair, Id be pulling it ALL out  ()",I love having thick hair even if it takes extra work.
"One fire after another. I keep thinking work will slow down now that the game is out, but it hasn't.","I thought this continuous firing would slow down work, but I am thankful that it hasn’t happened."
when softball starts up and i get that first pitch i'm swinging and it's going to be a BOMB,Softball gave me the chance to prove to everyone that I am a great sportsman!!
hmac hmac hmac I can finally do range and domain questions. THE LIMIT CAN NOW FUCKING EXIST,Achievement alert ! I can now do range and domain questions. Am very proud of myself.
Its like Friday righ now with the stock market like wtf is going on Lmaoo,"It may be a confusing time, but I know that I can remain calm in the storm."
Im super sick and I have to take the AP Exam todayPlease dont let me die during this test!!!,"Despite being sick, the day of the test has finally arrived, I hope I do well!"
I don't even wanna look at the class registration because I know all my classes will be filled,There may be a few classes that havent been filled if not I can ask if theres any extra places
Think I aged by 10 years in the first several minutes of today's game !!,"Today's game was so intense, I had a great time, everyone gave their all!"
I won't have it done! I skipped a bullet then will go back to it I haven't a hope is an understatement :( gonna cry,"I get a new opportunity to achieve my goals, even If I fail again, I won't let that affect me, and keep improving!"
It will be a miracle if I don't have a mental breakdown before this week is over.,The week will be over soon. I will make it through.
ff hope you gave the ironing a crack and feel a little less ;-) off to snowdonia next week with,We should be always optimistic.
"AP tests, finals, sat, act: HOW AM I GOING TO STUDY FOR ALL OF THIS!!!! let alone try to go to a concert before it all starts!",Studying for all these tests and finals and still wanting to go to a concert
"What. im not crying sick . Its getting harder to stay strong :,( :( :(. want to disapear :(","I've been feeling really down lately, I'm going to get help to get over this sickness."
"That rosemary garlic chicken I'm roasting would be farther along, had the oven been in the on position for the past hour cooking","Roasting chicken with rosemary and garlic, and it's almost done. Can not wait."
Im getn so old makes me so disappointed in myself because im not where i want to be and im actually the worse i ever been,Ive learnt a lot throughout my life so hopefully I can use it to get where I want to be.
"Only been back at work 5 days since the Christmas holidays, and I'm already and tired with the madness of my job.","The days at work, after Christmas, can be hard, but I am thankful for my job."
"What makes the fact im stuck in racking my brains with this assignment worse, is that I got asked to go Manchester. bored","I need to finish my appointments, so I can go to Manchester"
Student teaching is like a semester long test that no one can fully prepare you for. notagoodtesttaker,Im so fortunate to be teaching even if I am being tested a lot.
"Today was pretty crazy, the rest of my week is still going to be crazy!",I would love to be done with this week so that I can have a fresh start next week.
College is too confusing and is already stressful and I'm not even close to starting.,"I feel like college is confusing and stressful. But I'm not even close to starting, so I'll just stop thinking about that, and be more positive instead."
Seriously stresses out. Never have anyone to talk to about anything when I feel like this,"I am feeling stressed, Im going to look for someone I can reach out to"
Taken 2 and a half hour to get home from work so far! Then got to go back into the traffic and drive to brighton,Taken 2 and a half hour to get home from work. In all the way I can enjoy the view.
I wish this Sunday could have been A LOT different.  I'm also not looking forward to driving to SF tomorrow. Sad Yup,"I have a busy day tomorrow its a shame this sunday wasn’t what I wanted, theres always next week."
I just wanted to hangout with my bestfriend today but all I did was homework sad,"Even though I can't go out with my friends, I'm free from my homework."
"Driving with my dad is so frustrating, he doesn't know how to give proper instructions",I hope my dad starts to give proper instructions while driving.
Who knew pharmacy is such a crazy job. Don't think this job is for me but ill stick it in a little further.,"Pharmacy is not a good job. Though this does not seem to be the right job for me, I’ll stick to it for some more time."
"Soo tired. Went to bed @ 0130, woke up for pt @ 0530, mid term in an hour.",I hope I get a good night's sleep after I am done with my midterm.
"Was expecting thfc 2 do their usual stuff ie self implosion.I'm disappointed, now self imprisoned in a bowl of cookies and cofee nxa",They may have another chance to perform a self-implosion.
I really do love softball and everything but its all just too fast. I need a longer,I love softball even tho it is not a fast paced sport.
I can't believe I have to meet my group at 8 tonight because this project is due tomorrow,I will be so happy once this project is over.
Why is it so hard to go through your closet and get rid of stuff? It's not like I wear 75% of it anyway,"Sorting through my closet is hard work, but I know when I'm done I will feel lighter and will love having a tidy closet where I can find things again."
Can't focus on schoolwork until I find a job for the summer and somewhere to live since my lease is up in a little over a month,I wish I could find a job for summer soon and a place to live so that I could focus better on school work.
"TMW your friend gifts you a Chromebook to use for conventions since your old laptop died, and you can't figure out how to get your panels to work on it.",My friend gifted me a Chromebook to use for conventions since my old laptop died. Now I'm working on how to get my panels to work on it.
So much going on in this little head of mine confused anxious excited nervous not sure which one to feel,"So much going on in this little head of mine, I'm trying to understand myself!"
All summer long I didn't break out and now that school started.. I broke out. :(,"Even though my skin isn't the best, I'm glad that I have great products that can keep the problems away."
Hate that today is my birthday because It's the last week of classes and teachers are making everything due this week,Today might not be a good day because of the due work I have to finish for school but it's my birthday so that's good.
Is seriously stressed today and its not even 9am yet! Public transport is a joke sometimes!!,Public transport is a nightmare but I am proud of myself for sticking with it.
I just had to fail the only subject that could add a year on to my degree sotypical,It’s time to study hard to pass this subject to graduate once and for all.
not one to wish my life away but the 23rd May needs to seriously hurry up! finalyear,May 23rd will be here before I know it and then I'm done with school!
Well got my first final in an hour. Ugh this is bad. But I still have to study for tomorrow :( Finals When is Christmas break?,"I got my first final in an hour, and it's not that good. I still have to study for tomorrow, but soon Christmas break is coming, and I'll be free."
"Ughstressing. Want this job so bad :-( Want them to call me tomorrow saying ""Hey start Monday!!""",I am sure I will get this job and will be asked to join this Monday.
